{"request_id": 19, "net_name": "ResNet", "receive_time": 30.242358800023794, "qos_latency": 1.94, "start_time": 30.36037376150489, "mps": 50, "predict_latency": 1.54, "predict_end_time": 31.900373761504888, "end_time": 31.88061499968171, "worker_id": 4, "qos_satisfy": true}
{"request_id": 21, "net_name": "ResNet", "receive_time": 30.255202669650316, "qos_latency": 1.94, "start_time": 30.499530024826527, "mps": 50, "predict_latency": 1.54, "predict_end_time": 32.039530024826526, "end_time": 32.00806239619851, "worker_id": 5, "qos_satisfy": true}
{"request_id": 20, "net_name": "STMsFFN", "receive_time": 30.247989762574434, "qos_latency": 3.64, "start_time": 32.050508446991444, "mps": 100, "predict_latency": 1.82, "predict_end_time": 33.870508446991444, "end_time": 33.88817682862282, "worker_id": 7, "qos_satisfy": false}
{"request_id": 16, "net_name": "ResNet", "receive_time": 30.220439564436674, "qos_latency": 4.85, "start_time": 33.95827068015933, "mps": 100, "predict_latency": 0.97, "predict_end_time": 34.92827068015933, "end_time": 34.93382791057229, "worker_id": 7, "qos_satisfy": true}
{"request_id": 13, "net_name": "FNN", "receive_time": 30.195073038339615, "qos_latency": 6.3, "start_time": 34.99241042882204, "mps": 50, "predict_latency": 0.924, "predict_end_time": 35.91641042882204, "end_time": 35.8421141281724, "worker_id": 4, "qos_satisfy": true}
{"request_id": 15, "net_name": "FNN", "receive_time": 30.21370992064476, "qos_latency": 6.3, "start_time": 35.00563958659768, "mps": 50, "predict_latency": 0.924, "predict_end_time": 35.92963958659768, "end_time": 35.85338210687041, "worker_id": 5, "qos_satisfy": true}
{"request_id": 22, "net_name": "STMsFFN", "receive_time": 30.26273548603058, "qos_latency": 9.1, "start_time": 35.884007439017296, "mps": 50, "predict_latency": 2.805, "predict_end_time": 38.689007439017296, "end_time": 38.51814242079854, "worker_id": 4, "qos_satisfy": true}
{"request_id": 23, "net_name": "STMsFFN", "receive_time": 30.26898931711912, "qos_latency": 9.1, "start_time": 35.92201629653573, "mps": 50, "predict_latency": 2.805, "predict_end_time": 38.72701629653573, "end_time": 38.55326930060983, "worker_id": 5, "qos_satisfy": true}
{"request_id": 67, "net_name": "MsFFN", "receive_time": 30.20471567288041, "qos_latency": 14.2, "start_time": 38.83, "mps": 25, "predict_latency": 2.94, "predict_end_time": 41.67471567288041, "end_time": 41.70, "worker_id": 2, "qos_satisfy": true}
{"request_id": 67, "net_name": "MsFFN", "receive_time": 30.20471567288041, "qos_latency": 14.2, "start_time": 38.83, "mps": 25, "predict_latency": 2.94, "predict_end_time": 41.67471567288041, "end_time": 41.70, "worker_id": 2, "qos_satisfy": true}
{"request_id": 67, "net_name": "MsFFN", "receive_time": 30.20471567288041, "qos_latency": 14.2, "start_time": 38.83, "mps": 25, "predict_latency": 2.94, "predict_end_time": 41.67471567288041, "end_time": 41.70, "worker_id": 2, "qos_satisfy": true}
{"request_id": 67, "net_name": "MsFFN", "receive_time": 30.20471567288041, "qos_latency": 14.2, "start_time": 38.83, "mps": 25, "predict_latency": 2.94, "predict_end_time": 41.67471567288041, "end_time": 41.70, "worker_id": 2, "qos_satisfy": true}
{"request_id": 14, "net_name": "CNN", "receive_time": 30.20471567288041, "qos_latency": 22.55, "start_time": 41.72, "mps": 50, "predict_latency": 7.942, "predict_end_time": 49.66608234521747, "end_time": 49.70, "worker_id": 4, "qos_satisfy": true}
{"request_id": 17, "net_name": "CNN", "receive_time": 30.20471567288041, "qos_latency": 22.55, "start_time": 41.72, "mps": 50, "predict_latency": 7.942, "predict_end_time": 49.66608234521747, "end_time": 49.70, "worker_id": 4, "qos_satisfy": true}