{"request_id": 13, "net_name": "FNN", "receive_time": 30.14272302389145, "qos_latency": 6.3, "start_time": 30.214036908000708, "mps": 100, "predict_latency": 0.63, "end_time": 30.870027374476194, "qos_satisfy": true}
{"request_id": 14, "net_name": "CNN", "receive_time": 30.152975395321846, "qos_latency": 22.55, "start_time": 30.871724616736174, "mps": 100, "predict_latency": 4.51, "end_time": 35.407005436718464, "qos_satisfy": true}
{"request_id": 15, "net_name": "FNN", "receive_time": 30.16076423227787, "qos_latency": 6.3, "start_time": 35.4086141102016, "mps": 100, "predict_latency": 0.63, "end_time": 36.06196502223611, "qos_satisfy": true}
{"request_id": 16, "net_name": "ResNet", "receive_time": 30.16763012856245, "qos_latency": 4.85, "start_time": 36.06362957507372, "mps": 100, "predict_latency": 0.97, "end_time": 37.05816166475415, "qos_satisfy": false}
{"request_id": 19, "net_name": "ResNet", "receive_time": 30.185750778764486, "qos_latency": 1.94, "start_time": 38.38814403861761, "mps": 100, "predict_latency": 0.97, "end_time": 39.38398566097021, "qos_satisfy": false}
{"request_id": 20, "net_name": "STMsFFN", "receive_time": 30.19260112196207, "qos_latency": 3.64, "start_time": 39.39329534769058, "mps": 100, "predict_latency": 1.82, "end_time": 41.25624243170023, "qos_satisfy": false}
{"request_id": 21, "net_name": "ResNet", "receive_time": 30.19810877740383, "qos_latency": 1.94, "start_time": 41.31846707314253, "mps": 100, "predict_latency": 0.97, "end_time": 42.31338985264301, "qos_satisfy": false}
{"request_id": 22, "net_name": "STMsFFN", "receive_time": 30.204530898481607, "qos_latency": 9.1, "start_time": 42.32383770868182, "mps": 100, "predict_latency": 1.82, "end_time": 44.24353493377566, "qos_satisfy": false}
{"request_id": 23, "net_name": "STMsFFN", "receive_time": 30.21015767008066, "qos_latency": 9.1, "start_time": 44.251958001405, "mps": 100, "predict_latency": 1.82, "end_time": 46.10950285568833, "qos_satisfy": false}
{"request_id": 24, "net_name": "CNN", "receive_time": 30.212975395321846, "qos_latency": 22.55, "start_time": 46.171724616736174, "mps": 100, "predict_latency": 4.51, "end_time": 50.751724616736174, "qos_satisfy": false}
{"request_id": 25, "net_name": "MsFFN", "receive_time": 30.212975395321846, "qos_latency": 14.2, "start_time": 50.871724616736174, "mps": 100, "predict_latency": 1.42, "end_time": 52.30, "qos_satisfy": false}
{"request_id": 26, "net_name": "MsFFN", "receive_time": 30.212975395321846, "qos_latency": 14.2, "start_time": 52.40, "mps": 100, "predict_latency": 1.42, "end_time": 53.72, "qos_satisfy": false}
{"request_id": 27, "net_name": "MsFFN", "receive_time": 30.212975395321846, "qos_latency": 14.2, "start_time": 53.83, "mps": 100, "predict_latency": 1.42, "end_time": 55.20, "qos_satisfy": false}
{"request_id": 28, "net_name": "MsFFN", "receive_time": 30.212975395321846, "qos_latency": 14.2, "start_time": 55.34, "mps": 100, "predict_latency": 1.42, "end_time": 56.76, "qos_satisfy": false}